product_id,product_name,business_category,target_market,deployment_type,api_count,integration_count,supported_platforms,tech_stack,database_type,base_price_monthly,price_per_user,min_users,contract_length_months,free_trial_days,avg_response_time_ms,uptime_percentage,max_concurrent_users,storage_limit_gb,data_processing_limit_gb,support_channels_count,onboarding_time_days,sla_response_time_hrs,training_hours_included,custom_development_available
PROD_001,Marketing_1841,Marketing Automation,Enterprise,On-Premise,40.0,39.0,"Web,Mobile","Python,React,Redis",NoSQL,431.09,51.67,30.0,3.0,7.0,82.0,99.78,9753.0,1099.0,3459.0,5.0,13.0,4.1,5.0,False
PROD_002,Marketing_4523,Marketing Automation,SMB,Cloud,37.74946233815862,38.80122756218915,"Web,Mobile","Java,React,MySQL",NoSQL,391.335693059382,55.89697344365938,27.553168318127593,3.2320787174347645,7.104446518284069,80.47314618638343,102.64734135734491,9974.069306645499,1066.18083598153,3677.0257764198013,5.072530380366588,13.269809107268953,4.144525979590997,4.542271348305943,False
PROD_003,Security_2488,Security & Compliance,SMB,Cloud,57.0,23.0,"Web,Mobile,Desktop","Java,Python,Elasticsearch",NoSQL,661.19,77.97,1.0,6.0,7.0,402.0,99.21,9290.0,776.0,2369.0,6.0,15.0,43.7,21.0,True
PROD_004,Collaboration_1557,Collaboration & Communication,Enterprise,On-Premise,37.0,55.0,"Web,Desktop","Java,Angular,MySQL",Graph,142.68,16.13,15.0,1.0,14.0,101.0,99.98,4372.0,200.0,6886.0,5.0,34.0,27.6,14.0,False
PROD_005,Analytics_1275,Analytics & BI,SMB,Hybrid,27.0,20.0,Web,"Python,R,PostgreSQL",Hybrid,346.57,55.33,50.0,36.0,0.0,228.0,99.14,2971.0,1721.0,1409.0,3.0,23.0,45.0,21.0,False
PROD_006,DevOps_2669,DevOps & Infrastructure,Startup,On-Premise,31.0,30.0,"Web,Desktop","Go,Python,Kubernetes",NoSQL,540.62,44.54,35.0,6.0,30.0,330.0,99.94,3459.0,2889.0,2485.0,6.0,3.0,10.8,27.0,False
PROD_007,DevOps_1051,DevOps & Infrastructure,Enterprise,On-Premise,32.42148270159621,31.287268838229583,"Web,Mobile,Desktop","Go,Python,Kubernetes",Graph,510.2586041995236,42.78414909360194,36.48700461105362,5.48705962769533,28.956622917438565,338.9244118835685,96.42278574705371,3229.902004987527,2882.3059321103483,2726.395893456765,6.58018382313554,2.8687145240036758,10.894635079966049,25.089055764456916,False
PROD_008,Analytics_3078,Analytics & BI,Startup,Cloud,27.92618791728749,19.50295824463264,Web,"Java,Python,Hadoop",Hybrid,327.0884247074149,54.63253565326568,54.28697952327675,37.04554451760869,0.0,213.25598264520647,99.26793764177725,2922.5586768856874,1651.0081724912018,1439.1527703706818,3.115793446268225,23.956853834667548,47.66540127697342,20.127303860884822,False
PROD_009,Marketing_6380,Marketing Automation,SMB,Hybrid,23.0,30.0,"Web,Desktop","Node.js,Vue,Cassandra",Graph,218.28,23.3,20.0,6.0,30.0,78.0,99.27,8141.0,498.0,4021.0,3.0,22.0,24.6,8.0,False
PROD_010,Marketing_1373,Marketing Automation,SMB,Hybrid,28.226162269445247,31.057686069460193,"Web,Desktop","Python,React,Redis",Hybrid,189.9835800889442,22.248419791540545,21.844677864703463,6.164235896166596,26.79451352110781,67.81652398025712,75.58935899551386,8437.875160263604,610.3223536962462,3098.5560805182613,3.591094850208357,24.551180150487316,17.79664367044723,8.47073587642977,True
PROD_011,Security_5689,Security & Compliance,Enterprise,Hybrid,54.22949149709977,22.32629890511565,"Web,Mobile","Go,React,PostgreSQL",Graph,700.4957787331332,81.53659170573061,1.0895165742236117,6.37595930047135,7.137309914143838,388.20563328526384,106.24660587064425,9316.15621854591,780.9440497695709,2306.201764964842,6.428501849390061,15.566500658163019,41.447969645973316,18.995237171763957,False
PROD_012,Security_5140,Security & Compliance,Startup,On-Premise,35.0,11.0,Web,"Java,Python,Elasticsearch",NoSQL,398.8,48.7,0.0,36.0,14.0,109.0,99.52,6588.0,660.0,350.0,4.0,17.0,20.4,2.0,True
PROD_013,Security_5084,Security & Compliance,Startup,On-Premise,44.66443188729532,10.570823375652616,"Web,Mobile","Python,Node.js,Redis",Graph,517.4601942769954,60.32909211715565,0.0,36.27685490800432,18.009167607767658,117.81049414903498,101.55859755628694,8215.229478318508,647.5413485053433,366.67589555559454,4.89464947193471,17.69649222690408,24.854221821414022,1.5601731399579823,False
PROD_014,Security_8465,Security & Compliance,Startup,Hybrid,34.0,23.0,"Web,Mobile,Desktop","Python,Node.js,Redis",NoSQL,365.18,46.87,7.0,36.0,0.0,613.0,99.35,4121.0,461.0,133.0,3.0,20.0,34.5,8.0,True
PROD_015,Marketing_1706,Marketing Automation,Enterprise,Cloud,49.0,63.0,Web,"Python,React,Redis",NoSQL,406.72,46.37,15.0,36.0,0.0,189.0,99.02,2711.0,786.0,4048.0,6.0,5.0,13.6,41.0,True
PROD_016,Collaboration_1372,Collaboration & Communication,SMB,On-Premise,37.92156582520263,52.33699119385588,"Web,Mobile,Desktop","Java,Angular,MySQL",SQL,138.23529386625518,15.214353132016148,14.677860816214348,0.9831624279229679,13.124543267524281,108.1988590631651,103.85588560508243,4452.267335727597,208.55667063334664,6561.049553745152,4.758734432864259,32.393767479902245,26.332204830174316,13.016055845003514,False
PROD_017,Analytics_6545,Analytics & BI,SMB,Hybrid,12.0,16.0,"Web,Mobile,Desktop","Python,Scala,Spark",Graph,448.17,31.38,20.0,12.0,7.0,497.0,99.73,911.0,1424.0,3908.0,4.0,20.0,4.2,26.0,True
PROD_018,Marketing_9840,Marketing Automation,Startup,Hybrid,21.0,26.0,Web,"Java,React,MySQL",Hybrid,181.04,16.85,0.0,1.0,14.0,96.0,99.81,1933.0,242.0,200.0,4.0,12.0,20.8,24.0,False
PROD_019,CRM_1024,CRM & Sales,Startup,On-Premise,30.0,20.0,"Web,Mobile","Node.js,Vue,MongoDB",Hybrid,46.95,10.09,35.0,1.0,0.0,491.0,99.25,592.0,227.0,2194.0,2.0,3.0,40.6,2.0,True
PROD_020,Security_1634,Security & Compliance,SMB,Hybrid,58.0,20.0,Web,"Python,Node.js,Redis",SQL,516.13,93.91,20.0,3.0,7.0,416.0,99.78,5340.0,464.0,603.0,3.0,29.0,13.7,35.0,False
PROD_021,Collaboration_6775,Collaboration & Communication,Startup,Hybrid,15.0,14.0,"Web,Desktop","Node.js,React,MongoDB",NoSQL,90.68,7.9,35.0,1.0,14.0,385.0,99.9,3042.0,40.0,3171.0,2.0,19.0,14.9,17.0,True
PROD_022,Security_1626,Security & Compliance,Startup,On-Premise,25.0,13.0,"Web,Mobile","Go,React,PostgreSQL",NoSQL,456.78,69.39,3.0,3.0,30.0,177.0,99.7,5996.0,367.0,1894.0,4.0,1.0,33.5,17.0,False
PROD_023,Security_1940,Security & Compliance,Startup,On-Premise,41.0,11.0,Web,"Java,Python,Elasticsearch",Graph,375.3,43.27,7.0,1.0,14.0,324.0,99.03,3809.0,649.0,987.0,4.0,2.0,4.8,9.0,False
PROD_024,Security_6419,Security & Compliance,SMB,Hybrid,33.0,24.0,"Web,Mobile,Desktop","Go,React,PostgreSQL",Hybrid,499.18,55.74,1.0,24.0,0.0,126.0,99.02,8285.0,737.0,2192.0,4.0,7.0,15.6,13.0,False
PROD_025,CRM_3642,CRM & Sales,Enterprise,On-Premise,30.92593681973248,21.418262616761798,"Web,Mobile","Python,JavaScript,React",NoSQL,47.62402835252959,9.652335230198974,37.65473630227818,1.0736183596978268,0.0,482.4689280968967,90.18583661974847,586.3815718185755,225.40867585546044,2180.303747505625,2.1990676674417275,2.8633053969101097,40.38078631740667,1.9175833620298148,True
PROD_026,DevOps_7782,DevOps & Infrastructure,Enterprise,Cloud,51.0,44.0,Web,"Java,Docker,Jenkins",NoSQL,701.66,103.49,15.0,1.0,30.0,229.0,99.34,14318.0,5496.0,2654.0,4.0,2.0,11.0,25.0,False
PROD_027,DevOps_7227,DevOps & Infrastructure,Startup,Hybrid,40.862410126630316,40.1331641854543,"Web,Desktop","Go,Python,Kubernetes",SQL,691.8625692622279,79.52255124253904,13.053007713650505,1.2055423285440856,24.752313517039177,253.06059487038655,103.91065601618165,14997.006524062592,5955.338289880884,2428.9936589941485,4.284394410036355,2.033053787273765,10.739262890679147,29.140835114143336,True
PROD_028,Marketing_8251,Marketing Automation,Startup,Cloud,17.0,21.0,"Web,Mobile,Desktop","Node.js,Vue,Cassandra",Hybrid,190.49,16.61,3.0,36.0,14.0,684.0,99.17,1677.0,492.0,1497.0,3.0,1.0,14.1,5.0,False
PROD_029,DevOps_6583,DevOps & Infrastructure,Startup,Hybrid,43.0,20.0,Web,"Java,Docker,Jenkins",Graph,551.78,55.42,3.0,36.0,30.0,673.0,99.6,6176.0,2175.0,1604.0,5.0,6.0,30.2,11.0,False
PROD_030,DevOps_6697,DevOps & Infrastructure,Startup,Hybrid,38.0,18.0,"Web,Mobile","Go,Python,Kubernetes",Hybrid,219.07,53.36,0.0,12.0,7.0,294.0,99.72,3369.0,3103.0,651.0,2.0,5.0,25.9,24.0,False
PROD_031,Collaboration_6285,Collaboration & Communication,SMB,Cloud,10.993908878320628,10.221596672734922,Web,"Java,Angular,MySQL",NoSQL,102.5166120668049,8.11604376943962,31.103657373742976,1.238462882477541,16.05743815746924,322.0025129741086,101.12443701143285,3177.1026853329035,29.5117028345214,3075.112334082686,2.066416098469433,23.723353501043636,14.926648659328285,13.148643508694667,True
PROD_032,CRM_1137,CRM & Sales,Enterprise,On-Premise,73.0,30.0,"Web,Mobile","Node.js,Vue,MongoDB",Graph,265.25,32.76,15.0,6.0,0.0,293.0,99.22,4124.0,243.0,552.0,6.0,29.0,6.4,9.0,False
PROD_033,Analytics_6876,Analytics & BI,Startup,On-Premise,12.560341087367739,17.278588063888176,Web,"Python,Scala,Spark",Hybrid,318.51713065861225,33.74641293387262,15.403567441639016,13.439280976245051,8.914782630083124,427.86422349305377,102.31554631610614,712.9384901214556,1193.6602854892926,4813.351785281091,3.201225552849393,22.358280283508694,4.111423614052375,26.196176886284587,True
PROD_034,Collaboration_6811,Collaboration & Communication,Enterprise,Hybrid,28.0,56.0,"Web,Mobile","Node.js,React,MongoDB",SQL,139.59,12.18,30.0,3.0,0.0,178.0,99.14,8507.0,208.0,5337.0,6.0,37.0,22.8,23.0,True
PROD_035,Analytics_8433,Analytics & BI,SMB,On-Premise,27.0,13.0,Web,"Java,Python,Hadoop",Graph,256.59,46.9,1.0,1.0,14.0,232.0,99.11,1054.0,1959.0,1808.0,2.0,10.0,13.5,23.0,False
PROD_036,Collaboration_8513,Collaboration & Communication,Enterprise,Cloud,51.0,59.0,"Web,Desktop","Java,Angular,MySQL",NoSQL,97.33,20.75,30.0,12.0,14.0,229.0,99.68,5722.0,106.0,3678.0,3.0,9.0,24.4,16.0,False
PROD_037,CRM_4512,CRM & Sales,Startup,Cloud,67.403777614922,34.07786753437344,"Web,Desktop","Node.js,Vue,MongoDB",Hybrid,297.5097177266784,33.04530020890052,12.445992442004956,4.747591637367286,0.0,267.59389084976505,91.8765431606224,4169.342845380052,275.23461777484056,545.756500293675,6.248309518551583,29.634180870899378,5.490991511886758,10.994205146614709,False
PROD_038,CRM_8912,CRM & Sales,Startup,Hybrid,27.0,20.0,"Web,Desktop","Python,JavaScript,React",SQL,125.66,7.05,0.0,12.0,30.0,199.0,99.22,5526.0,167.0,1685.0,2.0,10.0,62.7,11.0,False
PROD_039,Security_5964,Security & Compliance,Startup,Cloud,30.0,20.0,"Web,Mobile,Desktop","Go,React,PostgreSQL",SQL,546.85,45.61,7.0,3.0,0.0,644.0,99.84,1556.0,263.0,3007.0,4.0,14.0,38.0,11.0,True
PROD_040,Security_8394,Security & Compliance,Startup,On-Premise,23.0,12.0,"Web,Desktop","Go,React,PostgreSQL",Hybrid,566.6,60.01,0.0,3.0,30.0,240.0,99.01,5715.0,224.0,1519.0,6.0,20.0,67.7,1.0,False
PROD_041,DevOps_3336,DevOps & Infrastructure,Startup,On-Premise,47.0,30.0,"Web,Mobile","Java,Docker,Jenkins",NoSQL,380.3,32.66,0.0,12.0,30.0,92.0,99.79,4082.0,3430.0,2712.0,3.0,3.0,54.8,25.0,True
PROD_042,Security_8151,Security & Compliance,Startup,Cloud,31.0,13.0,"Web,Mobile,Desktop","Python,Node.js,Redis",Graph,456.91,35.02,7.0,3.0,7.0,711.0,99.29,4904.0,652.0,449.0,2.0,15.0,58.9,4.0,False
PROD_043,Collaboration_8013,Collaboration & Communication,SMB,On-Premise,21.0,33.0,"Web,Mobile","Java,Angular,MySQL",SQL,131.08,7.14,10.0,12.0,7.0,350.0,99.04,6796.0,115.0,4245.0,3.0,8.0,23.9,14.0,False
PROD_044,Collaboration_5035,Collaboration & Communication,SMB,Cloud,17.0,39.0,Web,"Python,Vue,PostgreSQL",Graph,52.93,10.8,1.0,1.0,30.0,422.0,99.66,7223.0,153.0,3369.0,5.0,24.0,15.9,24.0,False
PROD_045,DevOps_3365,DevOps & Infrastructure,SMB,Cloud,62.0,36.0,"Web,Mobile,Desktop","Python,Terraform,AWS",SQL,590.95,43.04,50.0,36.0,0.0,156.0,99.34,6115.0,4579.0,1413.0,5.0,9.0,20.9,37.0,True
PROD_046,Security_6351,Security & Compliance,Startup,Cloud,17.0,17.0,"Web,Mobile,Desktop","Python,Node.js,Redis",Hybrid,573.61,51.99,14.0,3.0,30.0,426.0,99.13,1558.0,628.0,1483.0,6.0,15.0,63.6,11.0,True
PROD_047,Collaboration_4723,Collaboration & Communication,Startup,Hybrid,17.0,27.0,Web,"Java,Angular,MySQL",Hybrid,75.32,9.82,14.0,6.0,7.0,643.0,99.08,6588.0,72.0,245.0,2.0,20.0,11.6,2.0,True
PROD_048,Collaboration_3484,Collaboration & Communication,Enterprise,Cloud,43.0,55.0,Web,"Python,Vue,PostgreSQL",Hybrid,148.77,18.43,7.0,36.0,14.0,52.0,99.27,1128.0,223.0,2001.0,4.0,39.0,31.9,3.0,True
PROD_049,Marketing_4562,Marketing Automation,Enterprise,Hybrid,39.0,35.0,"Web,Desktop","Java,React,MySQL",SQL,339.79,55.59,30.0,6.0,0.0,33.0,99.04,13191.0,396.0,6964.0,4.0,42.0,19.6,51.0,False
PROD_050,CRM_2993,CRM & Sales,SMB,On-Premise,47.0,26.0,Web,"Java,Angular,PostgreSQL",Graph,161.68,15.1,20.0,1.0,0.0,179.0,99.28,3103.0,286.0,3474.0,5.0,29.0,11.3,26.0,True
PROD_051,Security_1225,Security & Compliance,Enterprise,Hybrid,64.0,24.0,"Web,Mobile","Java,Python,Elasticsearch",NoSQL,1305.01,120.12,75.0,3.0,14.0,118.0,99.33,178.0,1337.0,6760.0,2.0,34.0,28.2,32.0,True
PROD_052,Security_6673,Security & Compliance,Enterprise,Cloud,46.0,27.0,"Web,Mobile","Python,Node.js,Redis",Hybrid,1172.8,120.36,7.0,36.0,7.0,297.0,99.29,4121.0,1179.0,6282.0,6.0,27.0,5.5,22.0,False
PROD_053,Marketing_3165,Marketing Automation,Enterprise,Cloud,39.0,64.0,"Web,Mobile,Desktop","Java,React,MySQL",NoSQL,170.65,58.01,75.0,12.0,30.0,99.0,99.07,4026.0,1116.0,7102.0,4.0,4.0,30.0,16.0,False
PROD_054,DevOps_2410,DevOps & Infrastructure,Startup,Cloud,47.0,32.0,Web,"Go,Python,Kubernetes",SQL,276.79,29.82,7.0,12.0,14.0,312.0,99.7,2693.0,1729.0,2938.0,4.0,3.0,65.0,25.0,False
PROD_055,Security_5738,Security & Compliance,Enterprise,Hybrid,51.0,44.0,"Web,Mobile","Java,Python,Elasticsearch",Graph,1148.54,78.57,1.0,12.0,30.0,313.0,99.1,6582.0,1470.0,6976.0,2.0,25.0,18.6,41.0,False
PROD_056,Collaboration_4502,Collaboration & Communication,SMB,Hybrid,25.0,21.0,"Web,Mobile,Desktop","Python,Vue,PostgreSQL",Hybrid,101.32,14.17,5.0,6.0,14.0,187.0,99.83,6448.0,100.0,1207.0,4.0,26.0,42.1,11.0,False
PROD_057,Analytics_9099,Analytics & BI,SMB,Hybrid,13.0,14.0,"Web,Desktop","Python,Scala,Spark",Graph,415.03,48.88,20.0,6.0,14.0,302.0,99.13,8377.0,1544.0,717.0,6.0,19.0,9.6,37.0,True
PROD_058,Collaboration_1226,Collaboration & Communication,Enterprise,Hybrid,44.0,39.0,"Web,Mobile","Python,Vue,PostgreSQL",Hybrid,82.52,16.81,1.0,1.0,7.0,37.0,99.77,4769.0,296.0,4028.0,2.0,25.0,12.3,18.0,True
PROD_059,Collaboration_1575,Collaboration & Communication,Startup,Cloud,11.0,27.0,"Web,Desktop","Java,Angular,MySQL",Graph,104.01,5.34,0.0,36.0,7.0,317.0,99.63,6956.0,134.0,2589.0,6.0,4.0,23.2,17.0,False
PROD_060,Marketing_1462,Marketing Automation,Startup,Hybrid,14.0,25.0,"Web,Desktop","Python,React,Redis",Hybrid,183.66,22.19,35.0,36.0,30.0,658.0,99.28,1042.0,192.0,3488.0,5.0,12.0,52.8,25.0,False
PROD_061,DevOps_9215,DevOps & Infrastructure,Enterprise,On-Premise,55.0,50.0,"Web,Mobile","Python,Terraform,AWS",Hybrid,496.36,94.0,15.0,3.0,14.0,118.0,99.78,12394.0,6134.0,1469.0,4.0,32.0,21.9,51.0,True
PROD_062,Security_6894,Security & Compliance,Enterprise,On-Premise,89.0,24.0,Web,"Java,Python,Elasticsearch",SQL,1497.09,105.59,7.0,24.0,14.0,183.0,99.29,5775.0,1485.0,6720.0,5.0,21.0,14.7,23.0,False
PROD_063,DevOps_7186,DevOps & Infrastructure,Startup,Cloud,41.0,23.0,"Web,Mobile","Java,Docker,Jenkins",SQL,325.3,38.18,3.0,3.0,14.0,636.0,99.52,3670.0,3101.0,3268.0,2.0,19.0,29.3,10.0,True
PROD_064,DevOps_7137,DevOps & Infrastructure,Startup,Cloud,31.0,29.0,"Web,Desktop","Python,Terraform,AWS",Hybrid,346.88,30.7,35.0,6.0,14.0,545.0,99.93,687.0,1457.0,315.0,4.0,16.0,17.8,25.0,False
PROD_065,Collaboration_8516,Collaboration & Communication,SMB,On-Premise,23.0,22.0,Web,"Java,Angular,MySQL",Graph,102.25,5.03,20.0,36.0,7.0,368.0,99.27,2502.0,164.0,3931.0,5.0,14.0,40.6,21.0,True
PROD_066,CRM_9414,CRM & Sales,SMB,Cloud,29.0,17.0,"Web,Mobile,Desktop","Java,Angular,PostgreSQL",NoSQL,147.05,12.73,1.0,3.0,0.0,453.0,99.96,9563.0,194.0,214.0,2.0,19.0,45.8,28.0,True
PROD_067,Security_3430,Security & Compliance,SMB,On-Premise,26.0,16.0,"Web,Desktop","Go,React,PostgreSQL",Graph,663.84,92.4,50.0,6.0,14.0,105.0,99.71,1167.0,670.0,4369.0,6.0,6.0,46.1,4.0,False
PROD_068,DevOps_2489,DevOps & Infrastructure,SMB,On-Premise,66.0,49.0,"Web,Desktop","Python,Terraform,AWS",Hybrid,461.87,60.65,5.0,12.0,7.0,58.0,99.16,9599.0,4432.0,2261.0,4.0,1.0,34.6,32.0,True
PROD_069,DevOps_2902,DevOps & Infrastructure,Enterprise,On-Premise,92.0,59.0,"Web,Mobile","Go,Python,Kubernetes",Hybrid,1107.38,119.22,1.0,24.0,30.0,190.0,99.46,14718.0,5283.0,3200.0,3.0,37.0,28.7,20.0,False
PROD_070,Marketing_6807,Marketing Automation,Startup,On-Premise,15.0,14.0,"Web,Desktop","Python,React,Redis",Graph,70.44,23.59,7.0,1.0,14.0,567.0,99.9,6144.0,184.0,1225.0,4.0,7.0,56.0,25.0,True
PROD_071,Marketing_6267,Marketing Automation,Startup,On-Premise,15.0,20.0,"Web,Mobile","Node.js,Vue,Cassandra",Hybrid,89.98,14.26,3.0,3.0,0.0,140.0,99.18,1304.0,461.0,2670.0,2.0,9.0,31.7,9.0,True
PROD_072,Collaboration_1017,Collaboration & Communication,SMB,Cloud,17.0,23.0,Web,"Python,Vue,PostgreSQL",Graph,89.12,7.66,50.0,24.0,0.0,264.0,99.46,6116.0,128.0,3180.0,4.0,4.0,29.8,34.0,False
PROD_073,DevOps_5190,DevOps & Infrastructure,Startup,Hybrid,45.0,18.0,Web,"Go,Python,Kubernetes",SQL,227.03,45.7,14.0,3.0,14.0,150.0,99.97,4150.0,1119.0,117.0,4.0,9.0,66.7,26.0,False
PROD_074,DevOps_8889,DevOps & Infrastructure,Enterprise,Cloud,71.0,43.0,"Web,Desktop","Go,Python,Kubernetes",Graph,815.18,67.55,75.0,24.0,30.0,69.0,99.85,4292.0,5827.0,3248.0,6.0,18.0,5.8,21.0,False
PROD_075,Collaboration_5404,Collaboration & Communication,Enterprise,Cloud,26.0,40.0,Web,"Node.js,React,MongoDB",NoSQL,183.64,19.99,75.0,24.0,30.0,195.0,99.22,10523.0,138.0,4334.0,3.0,13.0,6.8,39.0,True
PROD_076,CRM_2019,CRM & Sales,SMB,Hybrid,27.0,22.0,Web,"Node.js,Vue,MongoDB",Graph,57.73,21.72,5.0,6.0,14.0,489.0,99.78,4839.0,418.0,1923.0,2.0,13.0,32.7,16.0,True
PROD_077,Marketing_8490,Marketing Automation,Enterprise,Hybrid,43.0,55.0,"Web,Mobile,Desktop","Python,React,Redis",NoSQL,333.05,54.27,75.0,3.0,0.0,96.0,99.39,12905.0,515.0,787.0,4.0,33.0,1.1,9.0,True
PROD_078,DevOps_4001,DevOps & Infrastructure,Startup,On-Premise,48.0,22.0,"Web,Mobile","Java,Docker,Jenkins",Hybrid,227.25,53.92,7.0,1.0,14.0,204.0,99.83,91.0,3343.0,305.0,3.0,13.0,60.5,4.0,True
PROD_079,Collaboration_9734,Collaboration & Communication,SMB,On-Premise,26.0,22.0,"Web,Mobile,Desktop","Java,Angular,MySQL",SQL,139.63,8.18,5.0,6.0,14.0,222.0,99.41,5273.0,167.0,4615.0,2.0,25.0,3.5,38.0,False
PROD_080,Analytics_9723,Analytics & BI,Enterprise,Hybrid,28.0,24.0,"Web,Desktop","Java,Python,Hadoop",Graph,560.06,78.67,7.0,6.0,0.0,330.0,99.17,3071.0,2231.0,5644.0,5.0,18.0,8.7,50.0,True
PROD_081,Analytics_8970,Analytics & BI,Enterprise,On-Premise,18.0,32.0,"Web,Desktop","Java,Python,Hadoop",Hybrid,493.26,88.19,15.0,24.0,14.0,95.0,99.32,851.0,2344.0,6601.0,5.0,18.0,31.0,51.0,True
PROD_082,Collaboration_3000,Collaboration & Communication,Startup,On-Premise,14.0,24.0,"Web,Mobile","Node.js,React,MongoDB",Hybrid,62.37,4.75,14.0,1.0,0.0,296.0,99.63,4921.0,44.0,174.0,5.0,6.0,36.5,24.0,False
PROD_083,Collaboration_8477,Collaboration & Communication,SMB,Cloud,28.0,32.0,"Web,Mobile,Desktop","Node.js,React,MongoDB",NoSQL,61.61,11.62,1.0,6.0,14.0,98.0,99.42,1595.0,126.0,1135.0,6.0,13.0,25.9,20.0,True
PROD_084,Security_2917,Security & Compliance,Enterprise,On-Premise,48.0,34.0,"Web,Mobile","Python,Node.js,Redis",SQL,1494.13,86.52,1.0,1.0,0.0,76.0,99.65,948.0,1411.0,2368.0,6.0,39.0,24.8,57.0,False
PROD_085,Marketing_9143,Marketing Automation,Startup,Cloud,16.0,20.0,"Web,Desktop","Python,React,Redis",Graph,137.39,27.91,0.0,12.0,0.0,426.0,99.8,6087.0,191.0,1751.0,5.0,14.0,4.6,4.0,True
PROD_086,Marketing_1926,Marketing Automation,SMB,Cloud,21.0,20.0,"Web,Mobile,Desktop","Python,React,Redis",SQL,272.99,36.46,5.0,24.0,14.0,229.0,99.01,3960.0,390.0,3483.0,3.0,8.0,7.7,26.0,False
PROD_087,DevOps_4183,DevOps & Infrastructure,SMB,On-Premise,45.0,40.0,"Web,Mobile,Desktop","Python,Terraform,AWS",Hybrid,486.62,77.47,5.0,12.0,0.0,242.0,99.95,4992.0,2652.0,1059.0,4.0,6.0,30.2,36.0,True
PROD_088,Collaboration_3653,Collaboration & Communication,SMB,On-Premise,24.0,27.0,Web,"Python,Vue,PostgreSQL",Hybrid,66.02,13.59,20.0,3.0,7.0,304.0,99.41,6768.0,64.0,598.0,4.0,8.0,14.8,31.0,False
PROD_089,DevOps_1285,DevOps & Infrastructure,Enterprise,Cloud,52.0,52.0,"Web,Mobile,Desktop","Go,Python,Kubernetes",Graph,810.83,77.22,75.0,24.0,0.0,302.0,99.46,13362.0,4576.0,1412.0,3.0,5.0,30.7,14.0,True
PROD_090,CRM_7581,CRM & Sales,SMB,Cloud,37.0,22.0,"Web,Mobile,Desktop","Python,JavaScript,React",Hybrid,176.17,13.31,10.0,12.0,0.0,130.0,99.68,7189.0,233.0,588.0,4.0,15.0,31.7,38.0,True
PROD_091,Security_6203,Security & Compliance,SMB,Hybrid,47.0,25.0,"Web,Desktop","Java,Python,Elasticsearch",SQL,703.03,68.17,20.0,1.0,7.0,241.0,99.79,9672.0,315.0,3887.0,5.0,6.0,41.5,38.0,True
PROD_092,Marketing_4691,Marketing Automation,Startup,Hybrid,17.0,27.0,"Web,Mobile,Desktop","Python,React,Redis",Hybrid,162.11,25.41,7.0,6.0,7.0,302.0,99.94,6931.0,367.0,637.0,3.0,6.0,41.7,17.0,True
PROD_093,Analytics_4641,Analytics & BI,Enterprise,Cloud,23.0,15.0,"Web,Mobile","Python,Scala,Spark",Hybrid,447.95,49.71,7.0,1.0,7.0,143.0,99.92,254.0,2405.0,4244.0,6.0,27.0,6.0,10.0,True
PROD_094,Analytics_9751,Analytics & BI,Startup,Hybrid,18.0,8.0,"Web,Mobile,Desktop","Python,Scala,Spark",Graph,346.26,38.44,3.0,6.0,30.0,364.0,99.7,1283.0,654.0,994.0,6.0,15.0,21.9,2.0,False
PROD_095,Collaboration_4960,Collaboration & Communication,Enterprise,Hybrid,23.0,41.0,"Web,Mobile,Desktop","Java,Angular,MySQL",Graph,214.64,16.99,7.0,36.0,14.0,248.0,99.57,12447.0,235.0,7284.0,3.0,7.0,24.0,57.0,True
PROD_096,Collaboration_2204,Collaboration & Communication,Startup,Cloud,19.0,16.0,"Web,Mobile,Desktop","Python,Vue,PostgreSQL",NoSQL,102.58,4.28,3.0,6.0,7.0,502.0,99.2,5993.0,92.0,3217.0,6.0,15.0,63.2,25.0,False
PROD_097,Security_1617,Security & Compliance,SMB,Hybrid,31.0,25.0,Web,"Java,Python,Elasticsearch",NoSQL,567.87,70.86,1.0,12.0,0.0,451.0,99.6,155.0,959.0,1274.0,6.0,23.0,6.6,9.0,False
PROD_098,DevOps_4194,DevOps & Infrastructure,Startup,On-Premise,44.0,27.0,"Web,Mobile","Java,Docker,Jenkins",Hybrid,228.34,40.87,3.0,3.0,30.0,363.0,99.81,1656.0,1379.0,1591.0,5.0,17.0,15.5,18.0,False
PROD_099,DevOps_1280,DevOps & Infrastructure,SMB,On-Premise,60.0,48.0,"Web,Mobile","Python,Terraform,AWS",NoSQL,340.17,75.15,10.0,3.0,0.0,143.0,99.87,4876.0,4458.0,3466.0,3.0,19.0,6.9,15.0,False
PROD_100,Analytics_5976,Analytics & BI,Enterprise,On-Premise,26.0,36.0,Web,"Java,Python,Hadoop",SQL,338.96,84.04,30.0,1.0,0.0,284.0,99.97,14066.0,2276.0,4349.0,2.0,43.0,12.5,59.0,False
PROD_101,Security_8225,Security & Compliance,Enterprise,On-Premise,51.0,29.0,"Web,Desktop","Python,Node.js,Redis",SQL,699.42,114.02,1.0,6.0,14.0,253.0,99.91,14676.0,1139.0,2963.0,3.0,29.0,3.9,21.0,True
PROD_102,Marketing_1022,Marketing Automation,SMB,On-Premise,34.0,35.0,"Web,Mobile","Python,React,Redis",Hybrid,296.46,30.54,20.0,6.0,0.0,137.0,99.01,904.0,239.0,677.0,5.0,11.0,43.1,14.0,False
PROD_103,Marketing_4443,Marketing Automation,Enterprise,Hybrid,48.0,50.0,Web,"Python,React,Redis",SQL,336.4,33.87,30.0,6.0,7.0,159.0,99.06,12363.0,620.0,3955.0,5.0,1.0,15.1,44.0,True
PROD_104,Marketing_6183,Marketing Automation,Enterprise,Hybrid,42.0,41.0,Web,"Java,React,MySQL",Graph,353.41,56.95,7.0,24.0,7.0,259.0,99.57,14340.0,807.0,4238.0,4.0,2.0,5.0,56.0,True
PROD_105,Collaboration_4938,Collaboration & Communication,Startup,On-Premise,18.0,15.0,"Web,Mobile","Node.js,React,MongoDB",NoSQL,59.76,6.59,35.0,24.0,14.0,481.0,99.93,3279.0,139.0,1668.0,4.0,19.0,7.9,13.0,False
PROD_106,CRM_3325,CRM & Sales,Startup,Cloud,17.0,14.0,"Web,Mobile,Desktop","Python,JavaScript,React",SQL,93.75,13.83,3.0,24.0,0.0,238.0,99.77,1370.0,305.0,370.0,3.0,17.0,63.3,27.0,True
PROD_107,CRM_9199,CRM & Sales,Enterprise,On-Premise,40.0,51.0,"Web,Mobile,Desktop","Node.js,Vue,MongoDB",SQL,133.21,35.6,30.0,36.0,30.0,328.0,99.18,14989.0,725.0,1159.0,2.0,3.0,7.3,6.0,False
PROD_108,DevOps_4549,DevOps & Infrastructure,SMB,On-Premise,42.0,40.0,"Web,Mobile","Go,Python,Kubernetes",SQL,377.71,62.31,50.0,1.0,14.0,159.0,99.89,3972.0,2270.0,199.0,3.0,6.0,15.6,2.0,False
PROD_109,Analytics_6435,Analytics & BI,SMB,On-Premise,21.0,16.0,"Web,Desktop","Java,Python,Hadoop",Hybrid,286.64,38.29,5.0,1.0,7.0,196.0,99.38,5116.0,1139.0,3538.0,2.0,24.0,46.4,10.0,False
PROD_110,Security_8817,Security & Compliance,SMB,Hybrid,40.0,18.0,"Web,Mobile,Desktop","Python,Node.js,Redis",Hybrid,446.56,50.96,5.0,1.0,7.0,339.0,99.93,6326.0,819.0,3319.0,5.0,24.0,45.9,28.0,True
PROD_111,DevOps_2246,DevOps & Infrastructure,Startup,Hybrid,30.0,18.0,Web,"Go,Python,Kubernetes",Hybrid,456.13,51.53,35.0,36.0,7.0,613.0,99.27,194.0,3332.0,2509.0,2.0,10.0,54.8,4.0,True
PROD_112,CRM_6976,CRM & Sales,Enterprise,Cloud,32.0,51.0,"Web,Mobile,Desktop","Node.js,Vue,MongoDB",SQL,179.0,42.77,15.0,3.0,7.0,97.0,99.82,5040.0,453.0,6933.0,6.0,41.0,31.2,41.0,True
PROD_113,DevOps_5788,DevOps & Infrastructure,Startup,Hybrid,38.0,24.0,Web,"Python,Terraform,AWS",Graph,443.17,30.42,7.0,3.0,0.0,490.0,99.91,468.0,3090.0,2613.0,6.0,5.0,1.8,13.0,False
PROD_114,Marketing_4119,Marketing Automation,Startup,On-Premise,23.0,23.0,Web,"Node.js,Vue,Cassandra",SQL,157.04,24.17,0.0,24.0,14.0,235.0,99.54,4614.0,230.0,1376.0,6.0,0.0,66.8,9.0,True
PROD_115,Security_9878,Security & Compliance,Startup,On-Premise,35.0,16.0,"Web,Mobile","Go,React,PostgreSQL",Hybrid,418.93,62.71,14.0,6.0,14.0,173.0,99.92,343.0,582.0,1877.0,4.0,7.0,47.1,13.0,True
PROD_116,Collaboration_7382,Collaboration & Communication,Enterprise,Hybrid,24.0,51.0,"Web,Mobile,Desktop","Node.js,React,MongoDB",SQL,110.96,10.77,75.0,6.0,7.0,202.0,99.2,4805.0,150.0,7131.0,4.0,18.0,15.0,22.0,False
PROD_117,Analytics_2882,Analytics & BI,Startup,Hybrid,8.0,15.0,Web,"Java,Python,Hadoop",NoSQL,269.14,32.17,35.0,1.0,14.0,519.0,99.85,1401.0,712.0,3282.0,5.0,10.0,67.2,23.0,True
PROD_118,CRM_6447,CRM & Sales,SMB,Cloud,33.0,27.0,"Web,Mobile","Java,Angular,PostgreSQL",NoSQL,66.16,15.16,20.0,24.0,0.0,93.0,99.06,8300.0,324.0,3546.0,2.0,24.0,8.7,36.0,True
PROD_119,DevOps_4268,DevOps & Infrastructure,Enterprise,On-Premise,78.0,56.0,Web,"Java,Docker,Jenkins",Hybrid,566.53,88.57,15.0,6.0,7.0,110.0,99.69,6720.0,7369.0,2923.0,4.0,10.0,21.2,47.0,True
PROD_120,Marketing_8561,Marketing Automation,SMB,Cloud,18.0,41.0,"Web,Desktop","Node.js,Vue,Cassandra",NoSQL,200.96,38.91,5.0,24.0,14.0,69.0,99.84,3639.0,392.0,2335.0,4.0,12.0,5.6,38.0,False
